{"regionIndex":{"northeast":{"29783":[105493,105494,105496,105499,105503,105504,105506,105510,105517,105532,105541,105552,105553,105555,105562,105572,105576,105579,105582,105585,105589,105590,105597,105600,105601,105608],"29797":[105491,105498,105508,105512,105514,105516,105517,105525,105531,105534,105545,105549,105550,105551,105552,105561,105565,105568,105571,105577,105578,105581,105588,105591,105599,105600,105602,105603,105604,105607],"29723":[105490,105515,105522,105573,105584,105604,105605],"29720":[105513,105519,105528,105530,105557,105563,105570,105591,105602,105604],"29721":[105537],"29719":[105605],"29799":[105521,105527,105537,105596,105605,105606],"29741":[105495,105497,105502,105509,105515,105520,105533,105535,105538,105540,105544,105546,105548,105554,105558,105560,105567,105572,105574,105575,105580,105582,105584,105585,105586,105593,105595,105604]},"eastern":{"29796":[105591,105605],"29784":[105500,105507,105518,105524,105526,105536,105547,105559,105566,105583,105591,105592,105598],"29788":[105543,105605],"29736":[105492,105501,105523,105531,105545,105556,105561,105568,105569,105571,105581,105587,105591,105607],"29744":[105605],"29805":[105505,105511,105524,105529,105539,105542,105564,105577,105594],"29760":[],"29742":[]}},"streamCentroids":[{"name":"Silver Creek","gid":105493,"altName":"","centroid":[-91.47017,43.36262],"waterId":338,"slug":"silver-creek@-91.47017,43.36262"},{"name":"Trout Run","gid":105494,"altName":"","centroid":[-91.32948,43.31808],"waterId":338,"slug":"trout-run@-91.32948,43.31808"},{"name":"French Creek","gid":105496,"altName":"","centroid":[-91.41153,43.38249],"waterId":338,"slug":"french-creek"},{"name":"West Fork French Creek","gid":105499,"altName":null,"centroid":[-91.39451,43.36991],"waterId":338,"slug":"west-fork-french-creek"},{"name":"French Creek (Upper)","gid":105503,"altName":null,"centroid":[-91.38812,43.37425],"waterId":338,"slug":"french-creek-upper"},{"name":"Clear Creek","gid":105504,"altName":"","centroid":[-91.26430,43.36019],"waterId":338,"slug":"clear-creek@-91.26430,43.36019"},{"name":"Patterson Creek","gid":105506,"altName":"","centroid":[-91.54234,43.33258],"waterId":338,"slug":"patterson-creek"},{"name":"Williams Creek","gid":105510,"altName":"","centroid":[-91.50652,43.12591],"waterId":338,"slug":"williams-creek"},{"name":"Dousman Creek","gid":105517,"altName":"","centroid":[-91.25077,43.08380],"waterId":338,"slug":"dousman-creek"},{"name":"Village Creek","gid":105532,"altName":"","centroid":[-91.34170,43.29976],"waterId":338,"slug":"village-creek"},{"name":"Little Paint Creek","gid":105541,"altName":"","centroid":[-91.24251,43.21039],"waterId":338,"slug":"little-paint-creek"},{"name":"Suttle Creek","gid":105552,"altName":"","centroid":[-91.36489,43.09017],"waterId":338,"slug":"suttle-creek"},{"name":"Waterloo Creek","gid":105553,"altName":"","centroid":[-91.52748,43.47004],"waterId":338,"slug":"waterloo-creek"},{"name":"Bear Creek","gid":105555,"altName":"","centroid":[-91.38417,43.15918],"waterId":338,"slug":"bear-creek@-91.38417,43.15918"},{"name":"Norfolk Creek","gid":105562,"altName":"","centroid":[-91.48565,43.20210],"waterId":338,"slug":"norfolk-creek"},{"name":"Paint Creek","gid":105572,"altName":"","centroid":[-91.63140,43.40090],"waterId":338,"slug":"paint-creek@-91.63140,43.40090"},{"name":"Paint Creek","gid":105576,"altName":"","centroid":[-91.33675,43.20873],"waterId":338,"slug":"paint-creek@-91.33675,43.20873"},{"name":"Erickson Spring Branch","gid":105579,"altName":"","centroid":[-91.29477,43.28196],"waterId":338,"slug":"erickson-spring-branch"},{"name":"Coon Creek","gid":105582,"altName":"","centroid":[-91.59279,43.30671],"waterId":338,"slug":"coon-creek"},{"name":"Yellow River","gid":105585,"altName":"","centroid":[-91.44425,43.13371],"waterId":338,"slug":"yellow-river"},{"name":"Wexford Creek","gid":105589,"altName":"","centroid":[-91.14914,43.26928],"waterId":338,"slug":"wexford-creek"},{"name":"Cota Creek","gid":105590,"altName":"","centroid":[-91.17876,43.22345],"waterId":338,"slug":"cota-creek"},{"name":"Irish Hollow Creek","gid":105597,"altName":"","centroid":[-91.34947,43.48209],"waterId":338,"slug":"irish-hollow-creek"},{"name":"Hickory Creek","gid":105600,"altName":"","centroid":[-91.45818,43.08854],"waterId":338,"slug":"hickory-creek"},{"name":"Clear Creek","gid":105601,"altName":"","centroid":[-91.41681,43.46489],"waterId":338,"slug":"clear-creek@-91.41681,43.46489"},{"name":"Teeple Creek","gid":105608,"altName":"","centroid":[-91.51105,43.22547],"waterId":338,"slug":"teeple-creek"},{"name":"Dry Mill Creek","gid":105491,"altName":"","centroid":[-91.33725,42.87732],"waterId":338,"slug":"dry-mill-creek"},{"name":"Baron Spring","gid":105498,"altName":null,"centroid":[-91.53876,42.72685],"waterId":338,"slug":"baron-spring"},{"name":"Cox Creek","gid":105508,"altName":"","centroid":[-91.48259,42.73561],"waterId":338,"slug":"cox-creek"},{"name":"Buck Creek","gid":105512,"altName":"","centroid":[-91.18932,42.87333],"waterId":338,"slug":"buck-creek"},{"name":"Peck Creek","gid":105514,"altName":"","centroid":[-91.16989,42.69343],"waterId":338,"slug":"peck-creek"},{"name":"Ensign Creek","gid":105516,"altName":"","centroid":[-91.58159,42.75177],"waterId":338,"slug":"ensign-creek"},{"name":"North Cedar Creek","gid":105525,"altName":"","centroid":[-91.24297,42.94549],"waterId":338,"slug":"north-cedar-creek"},{"name":"Elk Creek","gid":105531,"altName":"","centroid":[-91.27553,42.65633],"waterId":338,"slug":"elk-creek"},{"name":"Unnamed Creek","gid":105534,"altName":"West Fork Sny Magill Creek","centroid":[-91.24279,42.97303],"waterId":338,"slug":"west-fork-sny-magill-creek"},{"name":"Steeles Branch","gid":105545,"altName":"","centroid":[-91.32932,42.64478],"waterId":338,"slug":"steeles-branch"},{"name":"Bear Creek","gid":105549,"altName":"","centroid":[-91.36788,42.69859],"waterId":338,"slug":"bear-creek@-91.36788,42.69859"},{"name":"Kleinlein Creek","gid":105550,"altName":"","centroid":[-91.52376,42.72271],"waterId":338,"slug":"kleinlein-creek"},{"name":"Miners Creek","gid":105551,"altName":"","centroid":[-91.13137,42.79235],"waterId":338,"slug":"miners-creek"},{"name":"Fenchel Creek","gid":105561,"altName":"","centroid":[-91.53142,42.63947],"waterId":338,"slug":"fenchel-creek"},{"name":"Bloody Run","gid":105565,"altName":"","centroid":[-91.27075,43.03425],"waterId":338,"slug":"bloody-run@-91.27075,43.03425"},{"name":"Little Turkey River","gid":105568,"altName":"","centroid":[-91.13661,42.65625],"waterId":338,"slug":"little-turkey-river"},{"name":"Brownfield Creek","gid":105571,"altName":"","centroid":[-91.24442,42.65441],"waterId":338,"slug":"brownfield-creek"},{"name":"Point Hollow Creek","gid":105577,"altName":"White Pine Creek","centroid":[-91.11423,42.63253],"waterId":338,"slug":"point-hollow-creek"},{"name":"Sny Magill Creek","gid":105578,"altName":"","centroid":[-91.21782,42.96680],"waterId":338,"slug":"sny-magill-creek"},{"name":"Pine Creek","gid":105581,"altName":"","centroid":[-91.23919,42.65657],"waterId":338,"slug":"pine-creek@-91.23919,42.65657"},{"name":"South Cedar Creek","gid":105588,"altName":"","centroid":[-91.23533,42.80422],"waterId":338,"slug":"south-cedar-creek"},{"name":"Maquoketa River","gid":105591,"altName":"","centroid":[-91.07616,42.30445],"waterId":338,"slug":"maquoketa-river"},{"name":"Mossey Glen Creek","gid":105599,"altName":null,"centroid":[-91.42704,42.71586],"waterId":338,"slug":"mossey-glen-creek"},{"name":"Mink Creek","gid":105602,"altName":"","centroid":[-91.65106,42.86996],"waterId":338,"slug":"mink-creek"},{"name":"Hewett Creek","gid":105603,"altName":"Ensign Hollow Creek","centroid":[-91.55243,42.76087],"waterId":338,"slug":"hewett-creek"},{"name":"Turkey River","gid":105604,"altName":"","centroid":[-91.71268,43.03800],"waterId":338,"slug":"turkey-river"},{"name":"Bloody Run","gid":105607,"altName":"","centroid":[-91.17422,42.64101],"waterId":338,"slug":"bloody-run@-91.17422,42.64101"},{"name":"Staff Creek","gid":105490,"altName":"","centroid":[-92.47678,43.46047],"waterId":338,"slug":"staff-creek"},{"name":"Bigalks Creek","gid":105515,"altName":"","centroid":[-92.12759,43.45634],"waterId":338,"slug":"bigalks-creek"},{"name":"Chihaks Creek","gid":105522,"altName":"","centroid":[-92.08989,43.34627],"waterId":338,"slug":"chihaks-creek"},{"name":"Beaver Creek","gid":105573,"altName":"","centroid":[-92.35797,43.45096],"waterId":338,"slug":"beaver-creek@-92.35797,43.45096"},{"name":"Bohemian Creek","gid":105584,"altName":"","centroid":[-92.06940,43.23490],"waterId":338,"slug":"bohemian-creek"},{"name":"Wapsipinicon River","gid":105605,"altName":"","centroid":[-92.12149,42.75961],"waterId":338,"slug":"wapsipinicon-river"},{"name":"Bell Creek","gid":105513,"altName":"","centroid":[-91.70343,42.97797],"waterId":338,"slug":"bell-creek"},{"name":"Grannis Creek","gid":105519,"altName":"","centroid":[-91.73984,42.82262],"waterId":338,"slug":"grannis-creek"},{"name":"Glover Creek","gid":105528,"altName":"","centroid":[-91.79255,42.96206],"waterId":338,"slug":"glover-creek"},{"name":"Bass Creek","gid":105530,"altName":null,"centroid":[-91.89775,43.07341],"waterId":338,"slug":"bass-creek"},{"name":"Brush Creek","gid":105557,"altName":"","centroid":[-91.68042,42.78121],"waterId":338,"slug":"brush-creek@-91.68042,42.78121"},{"name":"Otter Creek","gid":105563,"altName":"","centroid":[-91.75027,42.94622],"waterId":338,"slug":"otter-creek"},{"name":"Bear Creek","gid":105570,"altName":"","centroid":[-91.71968,42.79293],"waterId":338,"slug":"bear-creek@-91.71968,42.79293"},{"name":"Rock Creek","gid":105537,"altName":"","centroid":[-92.92441,43.26894],"waterId":338,"slug":"rock-creek"},{"name":"Turtle Creek","gid":105521,"altName":"","centroid":[-92.88519,43.41495],"waterId":338,"slug":"turtle-creek"},{"name":"Burr Oak Creek","gid":105527,"altName":"","centroid":[-92.76007,43.34832],"waterId":338,"slug":"burr-oak-creek"},{"name":"Beaver Creek","gid":105596,"altName":"","centroid":[-92.65722,43.37455],"waterId":338,"slug":"beaver-creek@-92.65722,43.37455"},{"name":"Spring Creek","gid":105606,"altName":"","centroid":[-92.78165,43.27269],"waterId":338,"slug":"spring-creek"},{"name":"Cold Water Creek","gid":105495,"altName":"","centroid":[-91.97069,43.45126],"waterId":338,"slug":"cold-water-creek"},{"name":"Trout River","gid":105497,"altName":"","centroid":[-91.66613,43.25664],"waterId":338,"slug":"trout-river"},{"name":"Trout Run","gid":105502,"altName":"","centroid":[-91.76711,43.28480],"waterId":338,"slug":"trout-run@-91.76711,43.28480"},{"name":"Martha Creek","gid":105509,"altName":"","centroid":[-91.99051,43.39490],"waterId":338,"slug":"martha-creek"},{"name":"Unnamed Creek","gid":105520,"altName":"Casey Spring Creek","centroid":[-91.87014,43.36013],"waterId":338,"slug":"casey-spring-creek"},{"name":"Dunning's Spring","gid":105533,"altName":"","centroid":[-91.79123,43.31126],"waterId":338,"slug":"dunnings-spring"},{"name":"South Bear Creek","gid":105535,"altName":"","centroid":[-91.69320,43.45354],"waterId":338,"slug":"south-bear-creek"},{"name":"Pine Spring Creek","gid":105538,"altName":"","centroid":[-91.79149,43.38168],"waterId":338,"slug":"pine-spring-creek"},{"name":"Unnamed Creek of Upper North Bear","gid":105540,"altName":"","centroid":[-91.64955,43.49562],"waterId":338,"slug":"unnamed-creek-of-upper-north-bear"},{"name":"Trout Run (Hatchery)","gid":105544,"altName":"","centroid":[-91.77804,43.27417],"waterId":338,"slug":"trout-run-hatchery"},{"name":"Pine Creek","gid":105546,"altName":"South Pine Creek","centroid":[-91.66312,43.37318],"waterId":338,"slug":"pine-creek@-91.66312,43.37318"},{"name":"East Pine Creek","gid":105548,"altName":"","centroid":[-91.89646,43.46965],"waterId":338,"slug":"east-pine-creek"},{"name":"Unnamed Creek","gid":105554,"altName":null,"centroid":[-91.63004,43.40772],"waterId":338,"slug":"unnamed-creek@-91.63004,43.40772"},{"name":"Twin Springs Creek","gid":105558,"altName":null,"centroid":[-91.81271,43.29776],"waterId":338,"slug":"twin-springs-creek"},{"name":"Pine Creek","gid":105560,"altName":"","centroid":[-91.93076,43.45170],"waterId":338,"slug":"pine-creek@-91.93076,43.45170"},{"name":"Middle Bear Creek","gid":105567,"altName":null,"centroid":[-91.66375,43.47957],"waterId":338,"slug":"middle-bear-creek"},{"name":"Silver Creek","gid":105574,"altName":"","centroid":[-91.87323,43.44139],"waterId":338,"slug":"silver-creek@-91.87323,43.44139"},{"name":"Dry Run","gid":105575,"altName":"","centroid":[-91.86371,43.26968],"waterId":338,"slug":"dry-run"},{"name":"North Bear Creek","gid":105580,"altName":"","centroid":[-91.63594,43.47290],"waterId":338,"slug":"north-bear-creek"},{"name":"Canoe Creek","gid":105586,"altName":"","centroid":[-91.76763,43.39935],"waterId":338,"slug":"canoe-creek"},{"name":"Ten Mile Creek","gid":105593,"altName":"","centroid":[-91.90370,43.32504],"waterId":338,"slug":"ten-mile-creek"},{"name":"North Canoe Creek","gid":105595,"altName":"","centroid":[-91.76974,43.43076],"waterId":338,"slug":"north-canoe-creek"},{"name":"Ozark Spring Run","gid":105500,"altName":null,"centroid":[-90.87238,42.21153],"waterId":338,"slug":"ozark-spring-run"},{"name":"Mill Creek","gid":105507,"altName":"","centroid":[-90.50556,42.27210],"waterId":338,"slug":"mill-creek"},{"name":"Pleasant Creek","gid":105518,"altName":"","centroid":[-90.44113,42.19050],"waterId":338,"slug":"pleasant-creek"},{"name":"Tete des Morts Creek","gid":105524,"altName":"","centroid":[-90.57617,42.36460],"waterId":338,"slug":"tete-des-morts-creek"},{"name":"Storybook Hollow","gid":105526,"altName":null,"centroid":[-90.54592,42.27191],"waterId":338,"slug":"storybook-hollow"},{"name":"Tete des Morts Tributary","gid":105536,"altName":"","centroid":[-90.62964,42.34265],"waterId":338,"slug":"tete-des-morts-tributary"},{"name":"Brush Creek","gid":105547,"altName":"","centroid":[-90.55940,42.17944],"waterId":338,"slug":"brush-creek@-90.55940,42.17944"},{"name":"Unnamed Creek","gid":105559,"altName":null,"centroid":[-90.79732,42.27462],"waterId":338,"slug":"unnamed-creek@-90.79732,42.27462"},{"name":"Unnamed Creek","gid":105566,"altName":null,"centroid":[-90.56360,42.29092],"waterId":338,"slug":"unnamed-creek@-90.56360,42.29092"},{"name":"Unnamed Creek","gid":105583,"altName":"South Fork Big Mill Creek","centroid":[-90.52393,42.26367],"waterId":338,"slug":"south-fork-big-mill-creek"},{"name":"Cedar Creek","gid":105592,"altName":"","centroid":[-90.62312,42.14477],"waterId":338,"slug":"cedar-creek"},{"name":"Little Mill Creek","gid":105598,"altName":"","centroid":[-90.48796,42.23784],"waterId":338,"slug":"little-mill-creek"},{"name":"McLoud Run","gid":105543,"altName":"","centroid":[-91.66652,42.01156],"waterId":338,"slug":"mcloud-run"},{"name":"Spring Branch","gid":105492,"altName":"Spring Branch Creek","centroid":[-91.39746,42.47310],"waterId":338,"slug":"spring-branch"},{"name":"Twin Spring Creek","gid":105501,"altName":"","centroid":[-91.26374,42.63023],"waterId":338,"slug":"twin-spring-creek"},{"name":"Ram Hollow Creek","gid":105523,"altName":"","centroid":[-91.17503,42.62675],"waterId":338,"slug":"ram-hollow-creek"},{"name":"Odell Branch","gid":105556,"altName":"","centroid":[-91.33158,42.61835],"waterId":338,"slug":"odell-branch"},{"name":"Schechtman Branch","gid":105569,"altName":"","centroid":[-91.29208,42.59272],"waterId":338,"slug":"schechtman-branch"},{"name":"Fountain Springs Creek","gid":105587,"altName":"","centroid":[-91.32240,42.60785],"waterId":338,"slug":"fountain-springs-creek"},{"name":"Hogans Branch","gid":105505,"altName":"","centroid":[-90.96421,42.45926],"waterId":338,"slug":"hogans-branch"},{"name":"Bloody Run","gid":105511,"altName":"","centroid":[-90.73719,42.59257],"waterId":338,"slug":"bloody-run@-90.73719,42.59257"},{"name":"Catfish Creek","gid":105529,"altName":"","centroid":[-90.74385,42.42923],"waterId":338,"slug":"catfish-creek"},{"name":"Little Maquoketa River","gid":105539,"altName":"","centroid":[-90.83498,42.51910],"waterId":338,"slug":"little-maquoketa-river"},{"name":"Unnamed Branch of White Pine Hollow Creek","gid":105542,"altName":"","centroid":[-91.11782,42.62399],"waterId":338,"slug":"unnamed-branch-of-white-pine-hollow-creek"},{"name":"Middle Fork Little Maquoketa River","gid":105564,"altName":"","centroid":[-90.89411,42.56803],"waterId":338,"slug":"middle-fork-little-maquoketa-river"},{"name":"Cloie Branch","gid":105594,"altName":"","centroid":[-90.76141,42.53654],"waterId":338,"slug":"cloie-branch"}],"regulations":[{"id":1685,"sourceId":"1","shortText":"Combined daily bag limit of 5 and possession of 10.","legalText":"Bag limit of 5."},{"id":1686,"sourceId":"2","shortText":"Artificial lures only; 14-inch minimum length limit on all trout.","legalText":"Artificial lures only; 14-inch minimum length limit on all trout."},{"id":1687,"sourceId":"3","shortText":"Artificial lures only; 14-inch minimum on brown trout.","legalText":"Artificial lures only; 14-inch minimum on brown trout."},{"id":1688,"sourceId":"4","shortText":"Artificial lures only; Catch and release all brown trout.","legalText":"Artificial lures only; Catch and release all brown trout."},{"id":1689,"sourceId":"5","shortText":"Artificial lures only; Catch and release all trout.","legalText":"Artificial lures only; Catch and release all trout."},{"id":1690,"sourceId":"6","shortText":"Artificial lures only; Catch and release Brook trout.","legalText":"Artificial lures only; Catch and release Brook trout"}],"roadTypes":[{"id":659,"type":"motorway","description":"motorway","isParkable":false},{"id":660,"type":"trunk","description":"trunk","isParkable":false},{"id":661,"type":"primary","description":"primary","isParkable":true},{"id":662,"type":"secondary","description":"secondary","isParkable":true},{"id":663,"type":"tertiary","description":"tertiary","isParkable":true},{"id":664,"type":"residential","description":"residential","isParkable":true},{"id":665,"type":"service","description":"service","isParkable":false},{"id":666,"type":"railroad","description":"railroad","isParkable":false},{"id":667,"type":"unclassified","description":"unclassified","isParkable":true},{"id":668,"type":"track","description":"track","isParkable":false},{"id":669,"type":"smallRoadParkable","description":"smallRoadParkable","isParkable":true},{"id":670,"type":"smallRoadUnparkable","description":"smallRoadUnparkable","isParkable":false},{"id":426,"type":"Interstate","description":"Interstate Highway","isParkable":false},{"id":427,"type":"US Highway","description":"US Highway","isParkable":false},{"id":428,"type":"US Railroad","description":"Railroad","isParkable":false}],"palTypes":[{"id":149,"type":"Public State Land","description":"Public State Land"},{"id":150,"type":"Easement","description":"Land Easement - Respect private land"},{"id":151,"type":"County Forest","description":"County Forest"}],"waterOpeners":{"338":{"id":338,"name":"All Waters","openers":[{"start_time":"2017-01-07T11:00:00Z","end_time":"2019-01-01T05:59:59Z","id":456,"water_id":338,"restriction_id":1685}]}},"version":"0.0.1","releaseDate":"2017-10-23T13:58:37.4275547-05:00"}